,cell_id,cell_type,firing_rate,ap_threshold,ap_duration,mean_vm,std_vm,fft_low,fft_high
0,AP032_1,PV,0.875,-0.04079475117773216,0.6089285714285715,-0.06437776473111408,0.005947502278053861,0.0007630806206011714,7.018338664693038e-05
1,AP032_2,PV,1.8571428571428572,-0.040812251508398185,0.9932692307692306,-0.05618884699216763,0.005207727020506803,0.0006352355782652452,9.013557331602756e-05
2,AP035_1,PV,2.1,-0.03756243564859375,0.786111111111111,-0.05827315927113142,0.006373929762752708,0.0007745767571784868,5.288109113727105e-05
3,AP035_2,PV,0.9,-0.03169538079383467,0.8495370370370371,-0.055222131621159576,0.006060669858140233,0.0008369418140729768,6.878772964906073e-05
4,AP039_1,SST,0.5666666666666667,-0.040215082494531026,0.8661764705882352,-0.060516883633142275,0.004220243079199722,0.0005134052572894058,5.4187069140740186e-05
5,AP039_2,SST,1.2747252747252746,-0.03968324613551654,0.7668103448275864,-0.06443765798966383,0.005903983735245558,0.0007188565513169434,5.905398700772535e-05
6,AP040_1,SST,26.771428571428572,-0.03778551100795197,0.6136606189967982,-0.045445808343373056,0.005674572772473973,0.0007068889479901947,7.871754325523793e-05
7,AP040_2,SST,26.661971830985916,-0.029834419553925455,1.0417062863180135,-0.03817377993142948,0.010205950445742065,0.0009281702700306796,0.00010546134315034562
8,AP040_3,SST,2.2,-0.03929690983987691,0.4712121212121213,-0.04886792349367053,0.0036043649707376306,0.00038416669539685503,3.063278507124017e-05
9,AP056_1,SST,1.858695652173913,-0.045003967477724095,0.3213450292397661,-0.06000857859565572,0.0038660862269251977,0.00047153860554486536,7.65035335013981e-05
10,AP056_2,SST,2.0833333333333335,-0.04270490632305334,0.2763999999999999,-0.05623449486537189,0.0035257971879181903,0.000381359969301534,5.6172767803261566e-05
11,AP060_1,PV,14.8125,-0.0412216075526507,0.2518987341772152,-0.05332958355762644,0.005411744452741634,0.0007057048167311872,8.476603975122618e-05
12,AP060_2,PV,12.344262295081966,-0.04053847426495521,0.2233067729083666,-0.05684518556536606,0.005765025077413024,0.0006176315279601461,9.691277910559315e-05
13,AP061_1,PV,15.65934065934066,-0.04357346346876446,0.26894736842105266,-0.055497351199462794,0.005267360641199899,0.00048815068260852604,0.00010716605707708944
14,AP061_2,PV,127.1195652173913,-0.04458647742208884,0.32992304403591277,-0.054591806258590767,0.005999074342679789,0.0007169614939739611,7.14733672311314e-05
15,AP062_1,PV,4.11,-0.03640670347170952,0.903771289537713,-0.05262651583741809,0.005996807219645231,0.0008451871094313024,6.129623303292587e-05
16,AP066_1,SST,7.3090909090909095,-0.04534472573042432,0.41057213930348263,-0.054971418916344744,0.0034074465486769465,0.00039674712847499727,6.186784986928757e-05
17,AP066_2,SST,7.8,-0.04307518413627657,0.38897435897435895,-0.05209352411397072,0.0034476639004712307,0.0003714700293155092,6.177408629233933e-05
18,AP068_1,SST,1.715686274509804,-0.04720374460047799,0.33428571428571424,-0.05809558102048883,0.002793262765734079,0.0003373135274961864,5.657624840878235e-05
19,AP069_1,PV,6.016666666666667,-0.040317097682955806,0.47873961218836564,-0.04892527594209359,0.004012008685439766,0.0005580118963164321,4.045237575314731e-05
20,CG011_1,VIP,12.55,-0.041018341746884734,0.6907038512616203,-0.047886832462831076,0.0042170917796365325,0.0004955626778302767,4.645162473351107e-05
21,CG015_1,VIP,3.8,-0.0403254101658913,0.4668859649122808,-0.05401540269546727,0.004855482563891311,0.0005566085946828976,7.334798528278829e-05
22,CG016_1,VIP,4.358333333333333,-0.04192325170479704,1.0023900573613767,-0.05557519100166291,0.007054109019315841,0.000978837158204724,4.929628969405292e-05
23,CG016_2,VIP,1.34375,-0.0401444191354944,0.694186046511628,-0.061951951886977046,0.00581205224729446,0.0007155027250168624,5.928178786793392e-05
24,CG055_1,VIP,11.588235294117647,-0.043028797702629566,0.2685279187817258,-0.05790597278845436,0.006783587923816347,0.0009343293608140802,8.489403785142756e-05
25,CG055_2,VIP,30.25,-0.034839714869665785,0.6042286501377411,-0.04398966214329793,0.006001252505210762,0.0007442046060256627,0.00011941855499390511
26,CG055_3,VIP,15.0561797752809,-0.04586787688891156,0.3164179104477612,-0.060553328044191085,0.008204086985343985,0.0011452131000079574,7.819792759449016e-05
27,CG055_4,VIP,1.3,-0.03634228213394534,0.9070512820512823,-0.05279048561171809,0.003934375962272224,0.000510288756244567,4.565266245415073e-05
28,CG055_5,VIP,2.838709677419355,-0.03802958347596144,0.7017045454545454,-0.0541886568991566,0.004593737518253245,0.0005716213478956837,5.8002040208703356e-05
29,CG076_1,VIP,2.2333333333333334,-0.040788089764014636,0.6649253731343283,-0.06262332853671697,0.006292356865153562,0.0009131681981143071,6.732335346675887e-05
30,CG077_1,VIP,5.45,-0.03846000376199888,0.9827217125382264,-0.054420594028291,0.006041886534002755,0.0007920576709615511,7.504172014644953e-05
31,JP902_1,EXC,0.3333333333333333,-0.04099663618009124,0.6,-0.06967238778650793,0.005806220557588966,0.0006705395017302831,7.290628284695061e-05
32,JP903_1,EXC,0.8779342723004695,-0.03772730600906736,1.0871657754010695,-0.055352247755847406,0.004326613262346725,0.000529572765997368,4.690836073757122e-05
33,JP905_1,EXC,1.0789473684210527,-0.03840935676145006,0.8500000000000001,-0.06013350067768005,0.0055781800788941484,0.0006863043681628482,6.806851030668772e-05
34,JP906_1,EXC,0.05263157894736842,-0.041090958795185026,0.85,-0.0670417260277844,0.004512480893665419,0.0005741272343919691,6.036882712066096e-05
35,JP907_1,EXC,3.45,-0.03969625610224038,0.9695652173913043,-0.05341865555459011,0.005251485935372496,0.0007385562144461322,5.4861674772280507e-05
36,SC901_1,EXC,4.4,-0.03719588194111394,0.8497727272727272,-0.051749572161178314,0.004967492758495217,0.0006773152273501459,7.466773018153537e-05
37,SC902_1,EXC,0.7833333333333333,-0.03973154791592843,0.8941489361702128,-0.06133530781100473,0.0057091521251131545,0.0007245203222472406,6.011637528863192e-05
38,SC904_1,EXC,0.38235294117647056,-0.04489408685545388,0.3269230769230769,-0.06053799634696151,0.003221260732407148,0.0003800935664057508,3.951308338630601e-05
39,SC905_1,EXC,0.5952380952380952,-0.043295168657068686,0.296,-0.05625758819610608,0.0032682728993671277,0.00043672500040453703,4.4885640691097494e-05
40,SC906_1,EXC,8.305555555555555,-0.043835165915268204,0.4419732441471572,-0.05221706555359588,0.0033307373041975,0.00041169736233246805,5.3311247666567774e-05
41,SC908_1,EXC,5.541666666666667,-0.04483427677540529,0.4317669172932332,-0.05586360107995513,0.003421915621773985,0.0004166182649429441,6.303955301222407e-05
42,SC910_1,EXC,7.804347826086956,-0.04329519778331914,0.45320334261838446,-0.0524010808866898,0.003450801766309227,0.0003918022461732386,7.04927980727906e-05
43,SC911_1,EXC,49.86666666666667,-0.04263241717701831,0.23683155080213905,-0.05440355362657502,0.006487766636819409,0.0006924774591470958,0.00012976532119739312
44,SC912_1,EXC,24.933333333333334,-0.04431318563994046,0.23315508021390374,-0.05644333577259009,0.00652256603355483,0.0008936774681709847,9.630444831084997e-05
45,SC916_1,EXC,28.90740740740741,-0.03944939877851173,0.37062780269058293,-0.04802449771318283,0.005077176716271666,0.0006442727147514806,8.831450336171869e-05
46,SC917_1,EXC,1.3870967741935485,-0.042345020112088655,0.40813953488372096,-0.05339005037708527,0.0031861115283201105,0.0003942945320682891,3.6355366640211064e-05
47,SC918_1,EXC,6.983333333333333,-0.04042640119487201,0.37326968973747016,-0.055075345573970966,0.006662792186189972,0.0009257672496689461,8.741044216673285e-05
48,SC919_1,EXC,6.970588235294118,-0.039366219626351694,0.49873417721518976,-0.05195659955138418,0.004926131779310382,0.0006302701147127709,0.00010219806627372388
49,SC923_1,EXC,3.1333333333333333,-0.04101182304416557,0.632313829787234,-0.050299613295492325,0.003522016218155274,0.0004409471899284927,3.9781868512147384e-05
50,SC924_1,EXC,0.54,-0.040316983608788735,0.6092592592592593,-0.06842977384567958,0.00709276949672708,0.0009543532489144442,9.193457669241401e-05
51,SC925_1,EXC,4.296551724137931,-0.04789063326642356,0.47134831460674154,-0.057838797637590374,0.0032671591092363734,0.00038633829700940076,5.2772694743796816e-05
52,SC926_1,EXC,30.384615384615383,-0.043171322131557874,0.26662447257383964,-0.056545463178566596,0.006885135540177149,0.0008925935137349856,8.90506514944637e-05
53,TK112_1,PV,7.22,-0.043484164019331056,0.7049861495844877,-0.049940975894675305,0.003252999403803329,0.0003987257402597891,3.694890749166929e-05
54,TK112_2,PV,3.4166666666666665,-0.039106793673896856,0.5219512195121951,-0.04896224178727741,0.0033804448124181504,0.00038612708395386344,6.929210153283073e-05
55,TK140_1,EXC,16.486486486486488,-0.04095919440695753,0.3110655737704918,-0.05709954928752552,0.00850303510379736,0.001172511501518069,9.554520332967328e-05
56,TK140_2,EXC,0.26666666666666666,-0.040715854702491776,0.59375,-0.06491651751408513,0.005432571103387226,0.0006269795307475308,9.525088262168861e-05
57,TK146_1,EXC,1.1515151515151516,-0.03974315726004981,0.5960526315789473,-0.06287801387784858,0.00584064045576893,0.0007782990174956584,7.084694426248524e-05
58,TK150_1,VIP,47.93333333333333,-0.03786374030928596,0.3629694019471488,-0.051129626806381376,0.007933245847151098,0.0010527981477198827,8.490126444233938e-05
59,TK150_2,VIP,35.13333333333333,-0.040879454995981265,0.3175521821631878,-0.0527119731222385,0.008342652002865334,0.0011437647744896035,8.868298616576572e-05
60,TK151_1,VIP,27.152173913043477,-0.0418812510102082,0.29643714971977575,-0.056117859777080295,0.008423947377069783,0.001212171938832954,0.00010524353543488528
61,TK177_1,SST,31.133333333333333,-0.04244514634191047,0.3375267665952891,-0.055894268414000886,0.008948975825341833,0.0012386959203409156,8.999902341963699e-05
62,TK181_1,EXC,36.04545454545455,-0.04154782196083467,0.31947036569987386,-0.054705002888786235,0.009963765155768578,0.001389227862488936,9.625096149502702e-05
63,TK184_1,EXC,32.06666666666667,-0.03883668012525028,0.3491943866943866,-0.04891852686055873,0.0071521648621807425,0.0008327817452390417,0.00010266233333106445
64,TK193_1,PV,18.483333333333334,-0.0395235539460406,0.46686203787195674,-0.05466928897768969,0.00976715450084831,0.0013420832615257483,9.566661603336257e-05
65,TK196_1,SST,45.61666666666667,-0.041115759303020326,0.3320789185239313,-0.05208668313852995,0.007396784665849653,0.0010893736739220916,6.867213133926239e-05
66,TK205_1,PV,0.06666666666666667,-0.04353684712601149,1.0499999999999998,-0.06716032902956248,0.006500697484155811,0.0008085575586070593,3.710447169195356e-05
67,TK208_1,PV,14.956521739130435,-0.03462542859611811,0.7002906976744186,-0.04487623723322841,0.005585058538731644,0.0006416298791042907,4.27018847579405e-05
68,TK208_2,PV,13.54054054054054,-0.03810528138566927,0.5711576846307385,-0.04991866562296961,0.005781556546467231,0.000799025758749299,4.9371126361925974e-05
69,TK229_1,PV,6.866666666666666,-0.04070534111466155,0.4881067961165049,-0.05217868929018232,0.004876916503577916,0.0006460564635452948,4.753949720845349e-05
70,TK232_1,SST,13.383333333333333,-0.03650914096020277,0.7541095890410958,-0.04574866575355219,0.005483906567917688,0.0005525286906977413,7.139449653183126e-05
71,TK232_2,SST,16.05,-0.03466298142652177,0.71926272066459,-0.04304396465998457,0.004805131578120148,0.0005849988622514134,4.2047613424987495e-05
72,TK234_1,SST,0.6333333333333333,-0.03956791021070427,1.325657894736842,-0.05862173073116448,0.005375227605212235,0.0007046998387186137,4.772990539315362e-05
73,TK236_1,EXC,4.075,-0.037664994474637746,0.5790388548057259,-0.04844739599982727,0.0039814287917889,0.0004493607560105446,4.620518810643037e-05
74,TK237_1,SST,7.483333333333333,-0.03634031754441591,1.3535634743875278,-0.04350786266074576,0.004340666625134365,0.0005404792242926565,4.823021650839611e-05
75,TK241_1,SST,6.942857142857143,-0.03991369212086652,0.7668724279835392,-0.05239230622435317,0.006003498541093875,0.0007240614510675578,6.0587704142090346e-05
76,TK241_2,EXC,24.3,-0.034946523976345296,0.920130315500686,-0.0430462392879783,0.0059418373138886895,0.0006459370464243658,7.233989157980762e-05
77,TK247_1,PV,12.529411764705882,-0.03632116692059674,0.5265258215962442,-0.05197857275476173,0.006824316628186523,0.0008866011071859691,4.424262697031181e-05
78,TK248_1,PV,16.8,-0.039419045594223365,0.5237103174603176,-0.052259891238772484,0.006799567263292616,0.0009928608582165516,5.769571748901456e-05
79,TK248_2,PV,0.23333333333333334,-0.040230288788791334,0.8785714285714284,-0.06218036539357531,0.005814744647845618,0.0008296848344345059,3.707428675923759e-05
80,TK250_1,SST,28.40625,-0.03971199476184371,0.6087458745874587,-0.05066799485579723,0.007457867079415754,0.0010308553408868528,6.903199794203795e-05
81,TK250_2,EXC,0.43333333333333335,-0.04118797283681505,0.8115384615384618,-0.06635099681297872,0.008099135572831503,0.0010590575392785836,6.603704516612476e-05
82,TK251_1,SST,9.4,-0.037865770468628226,0.8177304964539007,-0.04716911635091369,0.005069842993504334,0.0005407186235017435,6.664001982545921e-05
83,TK251_2,SST,0.55,-0.04138369324581151,0.7015151515151515,-0.06073892894982553,0.005283153618933185,0.0006908829957408084,6.218248028229615e-05
84,TK252_1,SST,4.566666666666666,-0.0420756680370973,0.6172445255474452,-0.0559115999178435,0.004991756979702652,0.000561202591710788,3.914934571287829e-05
85,TK253_1,SST,0.2027027027027027,-0.04380570769570504,1.0916666666666666,-0.0625538739701234,0.004169274873314459,0.0005560270181286381,4.097885878994351e-05
86,TK254_1,SST,4.732142857142857,-0.04196394276662824,0.5888679245283017,-0.05204696654647842,0.0052140429115873485,0.0005447652508286489,5.218636033282658e-05
87,TK254_2,EXC,11.694444444444445,-0.03802963705171601,0.30788598574821846,-0.053175273930732646,0.005965369591338931,0.0007503964692475451,9.683440028547984e-05
88,TK266_1,EXC,13.366666666666667,-0.045797411454677826,0.38952618453865334,-0.05058915302621787,0.002297845733633887,0.0002853237096860114,4.418225340408804e-05
89,TK270_1,SST,1.1666666666666667,-0.039101504502681766,0.7949999999999999,-0.05904993129783133,0.005180824059783144,0.0006567099408270926,9.555319914649216e-05
90,TK272_1,EXC,1.45,-0.03908588458011048,0.7982758620689654,-0.059634366573488126,0.007043195754542578,0.0010057777077059097,6.934501693572799e-05
91,TK276_1,EXC,2.0166666666666666,-0.03448860653619392,1.0140495867768593,-0.04946501741984057,0.004742103607147732,0.0006559970227862351,5.8756598834988674e-05
92,TK277_1,EXC,5.9714285714285715,-0.040416544289067914,0.8770334928229665,-0.057779675490408036,0.0064206540956544276,0.0008962975726332156,7.964798884326396e-05
93,TK278_1,EXC,16.383333333333333,-0.04833407240077717,0.37090539165818914,-0.05800414850106201,0.0045987590400562925,0.0005583064081656499,7.660841648538037e-05
94,TK283_1,SST,3.566666666666667,-0.04216365363137645,0.5495327102803738,-0.0641351736668935,0.007390037714902533,0.0009080274865426662,8.816228668373041e-05
95,TK283_2,EXC,0.75,-0.04096982920405383,0.8911111111111112,-0.0583707699408556,0.004984450075279156,0.000648735195449657,4.091377320970619e-05
96,TK292_1,SST,45.13333333333333,-0.04091760516978739,0.3259047267355982,-0.049635465546069964,0.0051511579384310125,0.0005407837158216764,0.00011788284940390929
97,TK299_1,EXC,3.9166666666666665,-0.04003805814814134,1.1680851063829787,-0.05538954950473343,0.006582966823708557,0.0009130439805564569,5.369460995489052e-05
98,TK304_1,EXC,5.4,-0.04130709257548223,0.48981481481481487,-0.0586907535869609,0.006782936310175129,0.0009485064549201402,8.099172273138644e-05
99,TK309_1,SST,0.7333333333333333,-0.045479732066742946,0.4875,-0.057393552985996694,0.002790151296871644,0.00033143225584262236,3.514316200685537e-05
100,TK316_1,EXC,7.333333333333333,-0.039592925449911706,0.3131818181818181,-0.05758931545855839,0.006738741831709033,0.0008215844866392973,9.944113974316632e-05
101,TK318_1,EXC,6.233333333333333,-0.04171147344776009,0.3485294117647059,-0.050885988070459263,0.003351062145968924,0.0003833178618030595,6.9139963201036e-05
102,TK320_1,SST,0.7166666666666667,-0.041168929346436414,0.9813953488372092,-0.06669607345946979,0.005867611705231981,0.0007666773206150109,5.347304955723039e-05
103,TK320_2,SST,0.7666666666666667,-0.03814417452825561,1.1967391304347825,-0.057507874053018784,0.00545763652977001,0.0006417654702732839,9.280489991303519e-05
104,TK323_1,SST,0.25,-0.04222387772497847,1.0,-0.06228452844417084,0.005575709233302523,0.0007495362046138351,4.1793669152456865e-05
105,TK325_1,PV,0.11666666666666667,-0.04385291258431655,1.407142857142857,-0.06698328476091406,0.004505982883829352,0.0005499275375837174,5.096212381818352e-05
106,TK326_1,PV,1.8166666666666667,-0.0390709667237863,0.794954128440367,-0.06006136550632805,0.005877195259618905,0.0007732334210284303,7.01943871827886e-05
107,TK326_2,PV,1.2833333333333334,-0.04112066304038372,0.4318181818181818,-0.052585046365299766,0.0034808095220246007,0.00032484344215970675,4.1962647547028466e-05
108,TK333_1,SST,5.916666666666667,-0.04193199937273122,0.5540845070422534,-0.04861100741489559,0.0029988196503582315,0.0003195302905076529,4.945512257321783e-05
109,TK333_2,SST,0.6666666666666666,-0.037129116571986844,0.9512499999999999,-0.06079551916942161,0.005440939079091541,0.0006189778140188316,4.3249615518090265e-05
110,TK334_1,SST,4.633333333333334,-0.03760733991313262,0.5816546762589928,-0.04470415964308909,0.0028266521003668687,0.000330311885912374,5.5575368135776524e-05
111,TK348_1,SST,8.316666666666666,-0.04148082818910441,0.4712424849699399,-0.05156399852024498,0.004325154444445119,0.0005054338391695561,8.658126152621228e-05
112,TK353_1,SST,3.4166666666666665,-0.042393906132125105,0.6073170731707316,-0.05074849800826256,0.0032264955647822147,0.00038149625555846436,6.150973578781214e-05
113,TK355_1,SST,20.73949579831933,-0.03969278376743939,0.2859400324149109,-0.05359369693216344,0.007075394301209554,0.0009482867254334707,0.00011283471339490769
114,TK355_2,EXC,2.55,-0.04244525009778119,0.5385620915032681,-0.05371505275034609,0.0042224009372513,0.00044391031558957167,3.7987413293515934e-05
115,TK355_3,EXC,0.574468085106383,-0.04027658531700674,0.7648148148148147,-0.05442029243620122,0.0035867489896310254,0.0003161626267770339,3.266110715568076e-05
116,TK358_1,SST,0.3333333333333333,-0.03623157900683209,1.1424999999999998,-0.056477280432078766,0.006918458291617322,0.001010272978509813,3.938082093487194e-05
117,TK358_2,SST,0.8,-0.036386841304039734,0.9625,-0.05142374817752432,0.0046767776878872845,0.0005701297445183258,4.098686245715793e-05
118,TK364_1,PV,3.1083333333333334,-0.0396553582382979,0.4639410187667561,-0.05513676445646506,0.005155767152426825,0.0005773579572623027,8.541104489231077e-05
119,TK367_1,SST,2.3833333333333333,-0.041893294045013435,0.49440559440559445,-0.05032043060039483,0.0035905824967061182,0.0004948212335113384,4.3718608210536504e-05
120,TK373_1,SST,14.2,-0.039846332897735814,0.5696009389671362,-0.048826547820345886,0.004658375477078029,0.0005508843694762587,8.687324771759238e-05
121,TK376_1,SST,1.2666666666666666,-0.04274853771335377,0.563815789473684,-0.05519166426482561,0.003708279092417813,0.0004839561992660735,6.442546627869887e-05
122,TK383_1,EXC,3.0,-0.042882947785632085,0.4847222222222223,-0.052965350313072763,0.003633630717162411,0.00046763385690507154,6.890200770902598e-05
123,TK384_1,SST,2.2666666666666666,-0.04296426982971366,0.5286764705882353,-0.051129361813022293,0.0031492428118447225,0.00041238320806220646,4.60498578979792e-05
124,TK384_2,SST,38.575,-0.043438211877583024,0.3384100237632318,-0.0528003439748696,0.005860903698693559,0.0007193174384603539,0.00010816346482377532
125,TK385_1,EXC,25.7,-0.04204627299384365,0.3698767833981842,-0.05028121502511346,0.004234412645275262,0.0004892640411338613,0.00011052391356322088
126,TK385_2,EXC,20.933333333333334,-0.04447569053118059,0.45879777070063693,-0.05182894196504402,0.004199768226912521,0.0004136145211182602,0.00012787652625801229
127,TK387_1,EXC,18.658333333333335,-0.04768605379525133,0.5102501116569897,-0.05289206792316346,0.002957529017260298,0.000298770201908043,6.930462948734413e-05
128,TK402_1,EXC,21.8,-0.04331875986803323,0.49594801223241586,-0.049048172563245555,0.0034795426555178526,0.00043343504685130677,6.753909142089415e-05
129,TK403_1,EXC,4.216666666666667,-0.03926939988183757,0.6221343873517787,-0.04611043292264507,0.0029059639347273933,0.00035597838341237337,5.123999065268089e-05
130,TK405_1,PV,4.116666666666666,-0.043898675329063774,0.870242914979757,-0.056514489413075075,0.0047342420327340816,0.0006399449726778414,4.9762137999808265e-05
131,TK407_1,PV,2.9166666666666665,-0.04181691956859649,0.9997142857142857,-0.05480364065635235,0.005043958554226703,0.0006973870270514773,4.9015525452817126e-05
132,TK408_1,EXC,1.9666666666666666,-0.041631458071213504,0.7165254237288137,-0.05632945530684906,0.005158466449513596,0.0005215768430952871,6.324992464000838e-05
133,TK408_2,PV,1.7166666666666666,-0.03922558006998676,1.5247572815533978,-0.05592596774806287,0.006159572343240163,0.0007308955971232883,4.802401930885999e-05
134,TK409_1,EXC,1.6,-0.042315479336370816,1.0760416666666668,-0.06244022202223331,0.005978641975058818,0.0008189354084334931,5.666421433948531e-05
135,TK412_1,PV,6.133333333333334,-0.03927105646294811,0.9456521739130435,-0.04557403006938739,0.003594365449994619,0.0004249995579836571,4.192415345700414e-05
136,TK413_1,EXC,1.1833333333333333,-0.043367751421873255,0.8598591549295774,-0.062154179877622846,0.0054612341029420235,0.00069190011714544,7.345778574409079e-05
137,TK414_1,EXC,0.3888888888888889,-0.04539436113482206,0.6228571428571428,-0.05588768968626476,0.0030035843551761247,0.00037972234809811525,4.988893339389709e-05
138,TK414_2,SST,11.658333333333333,-0.03688405539287361,2.056325947105075,-0.04818841869608001,0.0063497787765870815,0.0008380192034026574,7.587449835491662e-05
139,TK415_1,EXC,3.216666666666667,-0.042579164781414845,1.8848445595854921,-0.05261635916401086,0.00388601737857052,0.0005509867442154957,3.706393220462733e-05
140,TK415_2,EXC,6.033333333333333,-0.040999859576657506,1.4259668508287293,-0.05054358915849038,0.004797764550578396,0.0006109956886632116,4.29023195035907e-05
141,TK415_3,EXC,9.833333333333334,-0.0420270372433298,1.4476271186440681,-0.04833788590117457,0.0032795387502688646,0.00039393787431089204,5.3635281518239774e-05
142,TK416_1,EXC,2.966666666666667,-0.046483259189058504,0.6790730337078652,-0.05595268358545014,0.0037630176488476635,0.0004808031454353061,6.0870179472351536e-05
143,TK416_2,SST,0.5666666666666667,-0.04204226375675953,1.5495098039215687,-0.055725616184164946,0.0034186909449216915,0.0004006618739027292,3.056615416613719e-05
144,TK450_1,PV,0.31666666666666665,-0.042804269139328756,1.3921052631578947,-0.06590065843095007,0.007073192180478503,0.0008851298803395221,4.176874377600082e-05
145,TK454_1,VIP,0.85,-0.0429219926604658,0.7088235294117649,-0.05341182812311934,0.002829324890323054,0.00037579012849297134,4.420981876079245e-05
146,TK455_1,EXC,2.8333333333333335,-0.04352545286576282,0.726764705882353,-0.05161365062122025,0.0033361008894892525,0.0003559673458610024,4.676432269337788e-05
147,TK455_2,VIP,7.5,-0.03983437642714703,0.9957777777777779,-0.04775917658502894,0.004406996829765044,0.00048450797644911364,5.621060690647372e-05
148,TK457_1,EXC,7.35,-0.03874282815463662,1.0267573696145125,-0.04596070738696004,0.0042591124449284385,0.0004392902968158629,4.2896923070373376e-05
149,TK460_1,VIP,5.7,-0.0421256686814968,1.2399122807017544,-0.04956749283280535,0.004246118538832794,0.0005181414463993401,4.970034301550709e-05
150,TK460_2,EXC,2.55,-0.040163802659238836,2.4392156862745096,-0.056517185275806445,0.006235820143419157,0.0008558270227233265,4.59659423923952e-05
151,TK461_1,VIP,3.0833333333333335,-0.038698611663020674,1.0281081081081083,-0.04709035065688361,0.003771505395954699,0.0004615005955251704,4.526680839069484e-05
152,TK462_1,EXC,30.633333333333333,-0.04295041701735023,0.3519858541893362,-0.05306414294318819,0.006856898190950448,0.0009589813392315644,9.063532438777362e-05
153,TK462_2,VIP,31.833333333333332,-0.043008068766067914,0.7739659685863874,-0.04885555599276183,0.005491276238124558,0.0006989361744924108,8.061366776909197e-05
154,TK462_3,VIP,32.68333333333333,-0.0404182193180026,0.7697603263641,-0.04751804355167822,0.006480783170560133,0.0009008348861843647,6.763636997540394e-05
155,TK463_1,VIP,8.25,-0.0429933260669759,0.6582828282828284,-0.05297925227533046,0.005060207660795484,0.0006804232138708359,6.545455452654988e-05
156,TK464_1,VIP,15.91304347826087,-0.03813028095519997,1.150068306010929,-0.04729284181106804,0.006179251808962018,0.0006601652853590359,4.9491294881938425e-05
157,TK464_2,VIP,2.2,-0.03986485458340549,1.3299242424242426,-0.04965871688940789,0.004074215960774219,0.0004950459569355146,4.330611233724175e-05
158,TK468_1,SST,0.2833333333333333,-0.03575470516321521,1.638235294117647,-0.0531181177256082,0.004346839910700608,0.0004778396531201303,4.57150422285972e-05
159,TK470_1,EXC,2.45,-0.044153765034451085,0.6743197278911565,-0.05438321560158513,0.0034456144694477698,0.00042467295063365574,5.521634855825824e-05
160,TK470_2,SST,28.65,-0.036558772618717,0.6562245491564864,-0.04363801281392239,0.005023925127496575,0.000698265521528824,7.467325749059088e-05
161,TK471_1,SST,4.666666666666667,-0.04043549349093728,0.5889285714285714,-0.05089638219185221,0.004122205669374828,0.0005361968218712788,5.63099572672147e-05
162,TK472_1,SST,18.466666666666665,-0.04444082331246931,0.5275270758122743,-0.05117926621270344,0.004230560427720389,0.0005822513717790782,7.997612948778625e-05
163,TK472_2,SST,103.68333333333334,-0.03886086116601443,0.4282671596206398,-0.04501150142152967,0.0051212291822881565,0.0006339813767437348,4.290277330065546e-05
164,TK472_3,SST,20.133333333333333,-0.04275583771321723,0.41250000000000003,-0.05303312785040664,0.005936261870001541,0.0008170832980740652,9.783034274617193e-05
165,TK473_1,EXC,14.383333333333333,-0.03947940303536919,0.4129779837775204,-0.04901480169552686,0.004830080409598022,0.0005236125749463645,0.00011762550212257438
166,TK476_1,PV,3.8181818181818183,-0.037320273843194335,1.9077380952380956,-0.05189082136371907,0.00574568414236702,0.0006414047198670884,4.5169097685911146e-05
167,TK478_1,PV,33.45,-0.03512811060439634,0.5380667663178874,-0.04117754602453469,0.0040867951817715525,0.0005239227147851189,7.560395240215951e-05
168,TK479_1,PV,3.8555555555555556,-0.03778828478087187,1.239193083573487,-0.04980733808307806,0.004983435167168304,0.000664032795468357,5.038570848192806e-05
169,TK479_2,PV,7.816666666666666,-0.034807617242981696,3.3974413646055437,-0.04505453635039523,0.007067431970829739,0.0010026823142328992,5.0519810769236804e-05
170,TK479_3,PV,9.94,-0.042919535753129776,0.845271629778672,-0.047532937592005914,0.003062292630777324,0.00036390577131507375,4.2262343753749474e-05
171,TK480_1,PV,41.666666666666664,-0.03880159955291114,1.02642,-0.045144656910599094,0.005750551687155483,0.0007496138618000607,6.761120986603e-05
172,TK480_2,PV,18.683333333333334,-0.04004116178037537,0.8022301516503122,-0.047987466728842486,0.00519563855188307,0.0006783309987675621,5.502493558809552e-05
173,TK480_3,PV,27.75,-0.04519299723650416,1.1218918918918919,-0.05386812136089888,0.007461755374368315,0.0010632723806774191,8.27701951816543e-05
174,TK485_1,EXC,3.8333333333333335,-0.04584537431645219,2.1469565217391304,-0.05366468052455881,0.003033851124152834,0.0004917120619196268,1.866245219321404e-05
175,TK485_2,EXC,4.958333333333333,-0.04439626527698014,1.5852941176470587,-0.05525538629277544,0.006618827422847229,0.0009752055894349113,3.9058755497918584e-05
176,TK485_3,PV,1.1611111111111112,-0.04068549499115451,1.740909090909091,-0.053933812958601855,0.004732868170203328,0.0006212521437091198,3.5072825180720045e-05
177,TK489_1,SST,22.016666666666666,-0.04318795743567818,0.476987130961393,-0.05384459826064712,0.007070153694346297,0.0008884723295778397,9.973688000719507e-05
178,TK489_2,SST,6.1,-0.0429245904861717,0.6872950819672131,-0.051589456537401684,0.003941970276593866,0.0004957168467073771,7.022349042203177e-05
179,TK489_3,SST,0.25,-0.043335,0.95,-0.06257134880078123,0.004478964086524024,0.0006410138231255979,3.3676793590083446e-05
180,TK489_4,SST,0.125,-0.0421534375,1.7700000000000002,-0.060533454445312496,0.004611728512138641,0.0005273520990035453,3.358828648361838e-05
181,TK490_1,EXC,0.35,-0.040802232142857144,1.4642857142857142,-0.06113865857031252,0.004978208855623394,0.0007110463339776045,5.882500795691867e-05
182,TK490_2,SST,3.1,-0.038924411962365596,1.1045698924731184,-0.054523853046874994,0.006237583798188379,0.0007205666715823817,5.709189433118278e-05
183,TK490_3,SST,0.375,-0.040271458333333336,2.436666666666667,-0.056205074373046865,0.005043418558125715,0.0005917547105659865,2.5830744716372606e-05
184,TK490_4,SST,0.5,-0.04053625,1.1025000000000003,-0.059758958863281246,0.005032604809654338,0.0006401256010664061,7.437044762156889e-05
185,TK490_5,SST,0.0,-0.04043541666666666,,-0.06866278462500001,0.006043327511631011,0.0006893440335442109,2.4763445255600388e-05
186,TK491_1,PV,0.05,-0.042909375,1.25,-0.06720609793750001,0.006052870931420214,0.0007410220537674111,4.192725203997745e-05
187,TK491_2,PV,0.025,-0.03888125,1.2,-0.0625780537265625,0.004076345567381566,0.0005401188649690594,3.232567939817516e-05
188,TK491_3,PV,0.15,-0.046335416666666664,2.6666666666666665,-0.06445432590625001,0.005386584368738001,0.0007392272204383148,5.1625912658118975e-05
189,TK494_1,SST,0.1,-0.0386140625,0.7749999999999999,-0.06369268445312501,0.0038609869379611357,0.0004557896843659116,6.33563807908679e-05
190,TK494_2,SST,0.4,-0.045289062500000005,2.0125,-0.06212257693554689,0.00659592397773227,0.0007827055192724628,2.653868045719955e-05
191,TK495_1,SST,0.15,-0.04305833333333333,3.0833333333333335,-0.05749230277734377,0.004526609621710744,0.0005193650425460646,4.443715268333395e-05
192,TK495_2,SST,0.85,-0.037296507352941176,1.4529411764705882,-0.05847370163281251,0.008932487677161184,0.0010910609323865742,4.3967662886173234e-05
193,TK495_3,SST,0.15,-0.03474010416666667,1.6916666666666667,-0.04669928889411095,0.002859326444604898,0.00037424489794622354,3.27418513558735e-05
194,TK496_1,EXC,0.1,-0.035732291666666666,1.48,-0.04917787643229168,0.004799622098487779,0.0005129214497214418,5.788173885229242e-05
195,TK496_2,EXC,3.25,-0.028421923076923077,0.5638461538461538,-0.038375156066406256,0.00519625489066976,0.0005178066042933489,4.2924851881509864e-05
196,TK496_3,EXC,0.0,-0.028421923076923077,,-0.055530250619328585,0.002618326322530554,0.0003406413637543087,2.0512058563453972e-05
197,TK496_4,EXC,0.12777777777777777,-0.028908916936437972,1.589130434782609,-0.05584978104890215,0.004464835690181648,0.0005714227645855753,4.8249484652891636e-05
198,TK497_1,EXC,0.42,-0.03995922571491627,1.0333333333333334,-0.05622121321806032,0.003967732821925812,0.0004568519228154264,5.498339979947073e-05
199,TK497_2,EXC,0.125,-0.04611079496416179,1.825,-0.06690864181249519,0.004325912882239011,0.0005572699577658931,2.7882657072324656e-05
200,TK497_3,EXC,0.9785714285714285,-0.04160374112046548,1.179197080291971,-0.05568145524159169,0.004009783494296207,0.0004789397771362854,5.5337010912682944e-05
201,TK498_1,EXC,15.35596410795481,-0.035274777237762234,1.1025072488487122,-0.047350747117733225,0.008093072762886207,0.0007820763664785266,7.30331270924754e-05
202,TK499_1,EXC,0.05,-0.04533020499999999,0.7333333333333334,-0.05828680495392211,0.001825145445579796,0.00019337656202174093,2.7899258497679372e-05
203,TK499_2,EXC,1.6055555555555556,-0.03505770430968858,2.45181660899654,-0.053416917839031436,0.007625345294402812,0.001024942483559959,2.8365934451534266e-05
204,TK499_3,EXC,6.28,-0.04006455343577495,1.0287951167728238,-0.05317088193687884,0.0063446772691845245,0.0006189452860092818,4.3892836310156644e-05
205,TK502_1,PV,5.6433333333333335,-0.04120795001653868,1.3000886001181335,-0.052627204904867164,0.006214417450567185,0.0007849441770416648,4.099816654899507e-05
206,TK502_2,PV,8.53888888888889,-0.04512004311385816,0.85530253741054,-0.053958591623477214,0.004271104487573029,0.0004996390204566203,4.444379833148465e-05
207,TK502_3,PV,6.979166666666667,-0.04515545893850746,0.7594328358208956,-0.05295759508331152,0.0030267758516196587,0.0003319459817654744,4.737980077246575e-05
208,TK504_1,EXC,0.005208333333333333,-0.04447401635355698,0.53,-0.05145583940178945,0.0013329944386239363,0.00015306451947633723,1.9506055576527093e-05
209,TK504_2,EXC,3.341666666666667,-0.04379423961442786,0.7150872817955112,-0.056794674699453915,0.0026027840256180727,0.0003211737523264884,3.0411475013953123e-05
210,TK506_1,SST,7.15,-0.03864830563216784,0.952960372960373,-0.04602918760964021,0.0030881867527032163,0.00033151160491907034,4.8451120255894104e-05
211,TK506_2,SST,6.233333333333333,-0.04541506515561498,0.7861764705882354,-0.05533490728179795,0.0039179964674065735,0.0005124716974771389,5.038405255584428e-05
212,TK506_3,SST,20.15,-0.038273467207609595,0.34098428453267166,-0.052009348940495824,0.00692598222437586,0.0007221075891233706,9.523454738833474e-05
213,TK507_1,SST,6.25,-0.04771587593392592,0.5850814814814814,-0.05702902944910462,0.0039047390547002725,0.0004950328779852681,6.537575427361918e-05
214,TK507_2,SST,14.5,-0.0398881482005305,0.6485013262599469,-0.04853222271369065,0.00512780115895633,0.000624979380290235,8.870570176646326e-05
215,TK507_3,SST,2.61,-0.0447257661954023,0.5915708812260537,-0.056313826717306004,0.00410552493603381,0.0004776830661648935,5.7509803765047955e-05
216,TK509_1,EXC,45.32272727272727,-0.04126941035793802,0.4295857988165681,-0.050498300122676816,0.006105585149034057,0.0008153047969947219,9.223100511735298e-05
217,TK509_2,PV,34.833333333333336,-0.040959693493779904,0.2854545454545454,-0.05165352219374583,0.0068152909507021055,0.0009601482440741531,8.179073403559961e-05
218,TK511_1,PV,42.578125,-0.0402227256747156,0.3797908256880734,-0.05059248417591789,0.006654757346952048,0.0008959018456384429,8.916636801639238e-05
219,TK511_2,PV,42.435,-0.04369460938647343,0.3956934134558737,-0.0523936769319099,0.005834069277797115,0.0007646267294642688,8.861516306890313e-05
220,TK512_1,PV,32.85,-0.039010361716894974,0.40733975985117543,-0.04913660007150266,0.005956637006563053,0.0007602298179196264,0.00010432822245478625
221,TK512_2,PV,0.95,-0.03858858570526316,1.7789473684210533,-0.06053513325182225,0.00651640830813204,0.0008503594786209843,4.4181623328949325e-05
222,TK516_1,SST,4.24375,-0.03652880147864507,0.7537555228276878,-0.04920175209873453,0.00456938370455174,0.00047542585576302134,7.439362561052662e-05
223,TK516_2,SST,0.5,-0.04595749966666667,0.5016666666666667,-0.060371763492316655,0.0033653160691724773,0.0004764021766878296,3.712808177157521e-05
224,TK523_1,VIP,1.27,-0.045247858391608387,0.5728346456692911,-0.06365537833265249,0.004052571153772913,0.00048418835064887515,6.793123184148625e-05
225,TK523_2,VIP,6.425,-0.042256189105058364,0.6745136186770428,-0.050838644130437496,0.0035920524442590177,0.0004169043222234586,3.919966385050618e-05
226,TK532_1,EXC,5.5625,-0.04125332156629214,0.7748314606741572,-0.04971706032128688,0.0038607412436421646,0.0004250249318934757,2.8394420504131413e-05
227,TK538_1,EXC,0.4,-0.04394494211340206,0.6375000000000001,-0.05833390401048668,0.0028418764527512515,0.00033827960082968893,2.8239109314447477e-05
228,TK539_1,EXC,33.46,-0.042586908811416614,0.42319187089061566,-0.05130267534093676,0.006347126596225229,0.0008674821370718488,8.973177386908325e-05
229,TK539_2,EXC,20.5,-0.044699735733333336,0.5133739837398373,-0.055808341587495404,0.006227138701789796,0.0008421135284555857,0.00010627401691180829
230,TK545_1,EXC,18.75,-0.040905100056,0.5329333333333333,-0.04946957560211625,0.005034024272074852,0.0006543757317292723,0.00010432107639177476
231,TK545_2,EXC,29.116666666666667,-0.043915728365210654,0.39039782484258734,-0.05517982722371354,0.004857357126900701,0.0006408298028680407,9.497493814575406e-05
